patient_id,tau_cf,tau_naive,relevance_weight,tau_final,r2_stage1,F_stat_stage1
0,-3.676379174586764,-7.331710739153029,0.28640052036045893,-6.28482187697124,0.023131788646146956,3.3743342692128233
1,-10.217812051121445,-19.280168970384675,0.47445564316069044,-14.980482589703907,0.043195248197137714,6.433206833989837
2,-7.160008441586013,-14.438791644759023,0.08285009019166623,-13.835743799890555,0.006032465107929208,0.8648434156083922
3,-4.851359476982422,-9.819286592038791,0.332941381449153,-8.165258075413218,0.027627481505988594,4.048773530437472
4,-4.313025204124425,-8.460407754232385,0.1913654478627852,-7.666742035072675,0.014686917217044515,2.1240819187314735
5,-9.679246765014152,-19.665921248584656,0.6911995826019828,-12.763136013958853,0.07617864052649648,11.750601091549127
6,-12.050401871497808,-24.81014316876614,0.6122435010484133,-16.998074484454555,0.06233823585035425,9.473777163913203
7,-2.979220079337026,-6.162443805441669,0.23372137966992357,-5.418456364378456,0.018338771036717882,2.6620944126439006
8,-1.6126266425848195,-3.1203794405179237,0.38959912995520685,-2.5329602622556573,0.03348151437609437,4.9363937364463375
9,-8.564072669976403,-17.227646117701855,0.3434462196639426,-14.25217456829964,0.028679559642997177,4.207506688137857
