estimator,proxy_condition,mae,p95_error,coverage,bias
Naive OLS,strong,3.521186162504222,6.6827007960061255,nan,-3.521186162504222
Population AIPW,strong,5.5091707716144915,10.017912671715449,nan,-2.165363566142448
Standard G-estimation,strong,3.5211861625042062,6.682700796006135,nan,-3.5211861625042062
Proximal G-estimation,strong,1.5054040498684167,2.850334286145175,1.0,-0.7792812213860675
Naive OLS,weak,3.521186162504222,6.6827007960061255,nan,-3.521186162504222
Population AIPW,weak,5.5091707716144915,10.017912671715449,nan,-2.165363566142448
Standard G-estimation,weak,3.5211861625042062,6.682700796006135,nan,-3.5211861625042062
Proximal G-estimation,weak,3.026717077177437,5.728755601672199,1.0,-2.9913927200152846
